brand,category,website,email,email_type,phone,instagram,city,ships_internationally,source_url,notes
Khaadi,both,https://www.khaadi.com,welisten@khaadi.com,customer care,0800-74007 (PK); +1 844 363 0087 (US),@khaadiofficial,Karachi,yes (us./uk./uae. stores),https://www.khaadi.com/faq's.html,"HQ Dolmen City Sky Tower B, Clifton. Same email used across PK/UK/US/UAE."
Sana Safinaz,women,https://www.sanasafinaz.com,sales@sanasafinaz.com,sales/general,(021) 111 003 005,@sanasafinazofficial,Karachi,yes (US store),https://sanasafinaz.com/pages/contact,Also bridals@sanasafinaz.com. Office 40-K Block 6 PECHS.
Maria B,women,https://www.mariab.pk,orders@mariab.pk,orders/customer care,+92 332 4122262; +92 311 1162742,@mariab.official,Lahore,yes (ships worldwide; UAE entity),https://www.mariab.pk/pages/shipping-and-delivery,Search snippets also show help@mariab.ae (general) and hr@mariab.ae; .ae addresses could not be confirmed on a specific page - verify before use. HQ 5.5 KM Raiwind Road.
Gul Ahmed / Ideas,both,https://www.gulahmedshop.com,info@gulahmed.com,corporate general,+92 21 111 485 485; e-shop 021-111-143-327,@gulahmedfashion,Karachi,yes (international site/shipping),https://gulahmed.com/contact-us/,Covers Gul Ahmed Men / Ideas Man. E-commerce: customerservice@gulahmedshop.com. Snippet also showed corporate@ideas.com.pk (corporate orders) - verify on gulahmedshop.com/pages/contact. HQ Plot H-7 Landhi.
Sapphire,both,https://pk.sapphireonline.pk,wecare@sapphireonline.pk,customer care,+92 42 111-738-245; +92 42 3238 8245,@sapphirepakistan,Lahore,yes (international storefront),https://pk.sapphireonline.pk/pages/contact-us.html,
Alkaram Studio,both,https://www.alkaramstudio.com,care@alkaramstudio.com,customer care,0213-7130271; WhatsApp 0312-2552726,@alkaramstudio,Karachi,yes (us.alkaramstudio.com),https://us.alkaramstudio.com/pages/contact,
Nishat Linen,both,https://nishatlinen.com,nishatonline@nishatmills.com,customer care/online,,@nishatlinenpk,Lahore,yes (international shipping),https://nishatlinen.com/pages/contact,Part of Nishat Mills.
Bonanza Satrangi,both,https://bonanzasatrangi.com,info@bonanzasatrangi.com,general,+92 21 111-244-266,@bonanzasatrangi,Karachi,yes (global.bonanzasatrangi.com),https://bonanzasatrangi.com/pages/contact,Covers Bonanza Men. Orders: orders@bonanzagt.com. 24 Main Korangi Rd.
Limelight,women,https://www.limelight.pk,online@limelight.pk,online/customer care,,@limelight.pk,Lahore,yes (international shipping offered),https://www.limelight.pk/pages/contact-us,
Agha Noor,women,https://pk.aghanoorofficial.com,cs@aghanoorofficial.com,customer care,0348-1112442; WhatsApp 0330-2720178,@aghanoorofficial,Lahore (contact page lists Dolmen Mall Karachi address),yes (shop./global storefront),https://shop.aghanoorofficial.com/pages/contact-us,Bridal: bridal@aghanoorofficial.com. Verify HQ city.
Asim Jofa,women,https://asimjofa.com,wholesale@asimjofa.com,wholesale,+92-21-111-11-5632; WhatsApp +92 321 1244440,@asimjofaofficial,Karachi,yes (global.asimjofa.com),https://asimjofa.com/pages/wholesale-inquiries-bulk-orders,Also sales@asimjofa.com and global@asimjofa.com. Has dedicated wholesale portal wholesale.asimjofa.com - best fit for marketplace pitch.
Zara Shahjahan,women,https://zarashahjahan.com,customercare@zarashahjahan.com,customer care,+92 317 3179230; UAN +92 3 111 111 975,@zarashahjahanofficial,Lahore,yes (us.zarashahjahan.com),https://zarashahjahan.com/pages/customer-care,
Elan,women,https://elan.pk,info@elan.pk,head office/general,+92 311 1109242,@elanofficial,Lahore,yes,https://elan.pk/pages/contact-us,Customer care: wecare@elan.pk.
Baroque,women,https://baroque.pk,info@baroque.pk,general,+92 348 1112548,@baroque.pk,Lahore,yes,https://baroque.pk/pages/contact-us,
Beechtree,women,https://beechtree.pk,customercare@beechtree.pk,customer care,042-111-128-733,@beechtreepakistan,Lahore,yes (global.beechtree.pk),https://beechtree.pk/pages/contact-us,"206-S Quaid-e-Azam Industrial Estate, Kot Lakhpat."
Generation,women,https://generation.com.pk,customerservice@generation.com.pk,customer care,+92 42 3250 0964,@generationpakistan,Lahore,yes,https://generation.com.pk/pages/how-to-shop-online,Email seen via search snippet of site pages; confirm on site contact page.
Cross Stitch,women,https://www.crossstitch.pk,sales@crossstitch.pk,sales,+92 302 8141555,@crossstitchpk,Lahore,yes (us.crossstitch.pk),https://www.crossstitch.pk/pages/contact-us,45-50 Gulberg III Industrial Area.
So Kamal,both,https://www.sokamal.com,customercare@sokamal.com,customer care,0312-7652625; +92 42 3230 6665,@sokamalofficial,Lahore,yes,https://www.sokamal.com/pages/contact-us,"Kamal Ltd corporate office, New Garden Town. Also complaints@sokamal.com."
Kayseria,women,https://www.kayseria.com,help@kayseria.com,customer care,042-32118888; WhatsApp +92 344 4451203,@kayseriaofficial,Lahore,yes,https://www.kayseria.com/pages/faqs,
Warda,women,https://www.warda.com.pk,cs@warda.com.pk,customer care,+92 300 0656660,@wardadesignerco,Lahore,,https://warda.com.pk/contact-us/,Contact page also shows placeholder sample.com emails; use cs@ only.
Lakhany (LSM),women,https://lakhanyonline.com,wholesale@lsmfabrics.com,wholesale,+92 318 5254269; +92 321 2893900,@lakhanyofficial,Karachi,,https://lsmfabrics.com/contact-us,Customer support: customersupport@lakhanyonline.com (https://lakhanyonline.com/pages/contact-us); general info@lsmfabrics.com.
Zeen,women,https://zeenwoman.com,cs@zeenwoman.com,customer care,,@zeenwoman,Karachi,yes (row storefront),https://zeenwoman.com/pages/contact-us,Owned by Cambridge Garments (same group as The Cambridge Shop).
Saya,both,https://saya.pk,Wholesale@saya.pk,wholesale,+92 21 38227292; WhatsApp +92 300 7887292,@sayaclothing,Karachi,,https://saya.pk/pages/contact-us,Orders: sale@saya.pk.
Maryum N Maria,women,https://maryumnmaria.com,cs@maryumnmaria.com,customer care,,@maryumnmariaofficial,Lahore,yes (en-us storefront),https://maryumnmaria.com/pages/contact,UAE: contact@maryumnmariauae.com.
Afrozeh,women,https://www.afrozeh.com,support@afrozeh.com,customer care,+92 42 3206 0222,@afrozeh.official,Lahore,yes,https://www.afrozeh.com/pages/contact-us,Also uses info.afrozeh@gmail.com for orders/returns.
Sobia Nazir,women,https://sobianazir.net,info@sobianazir.net,general,+92 321 6876666,@sobianazirofficial,Lahore,yes (intl.sobianazir.net),https://sobianazir.net/pages/contact-us,
Mushq,women,https://www.mushq.pk,info@mushq.pk,general,WhatsApp +92 307 7777168; +92 302 8510587,@mushq.pk,Lahore,yes (us.mushq.pk),https://www.mushq.pk/pages/contact-us,Also sales@mushq.pk.
Faiza Saqlain,women,https://www.faizasaqlain.pk,,contact form,+92 310 3111121; WhatsApp web +92 310 4111121,@faizasaqlainofficial,Lahore,yes,https://www.faizasaqlain.pk/pages/contact-us,No published email found; use contact form / WhatsApp. Has retail/distribution partner page: https://www.faizasaqlain.pk/pages/distributor-details
Republic Womenswear,women,https://www.republicwomenswear.com,wecare@republicwomenswear.com,customer care,+92 325 2222499,@republicwomenswear,Lahore,yes (us.republicwomenswear.com),https://www.republicwomenswear.com/pages/contact-us,
Edenrobe,both,https://edenrobe.com,edenrobeglobal@edenrobe.com,global/general,,@edenrobe,Lahore,yes (us.edenrobe.com),https://us.edenrobe.com/pages/contact-us,"Covers Edenrobe Men. Also cs@edenrobe.com, usaonline@edenrobe.com, info@edenrobe.com (privacy)."
Bareeze,both,https://www.bareeze.com,customercare@bareeze.com,customer care,+92 317 1177300,@bareezeofficial,Lahore,yes,https://www.bareeze.com/pages/contact-us,Includes Bareeze Man.
Ethnic (ETHNC),women,https://pk.ethnc.com,hello@ethnc.com,customer care (PK),,@ethnc.official,Lahore,yes (us./uk. stores),https://pk.ethnc.com/pages/contact-us,Outfitters group. US: wehear@ethnc.com; UK: wecare@ethnc.com.
J. (Junaid Jamshed),both,https://www.junaidjamshed.com,Corporate@junaidjamshed.com,corporate,,@junaidjamshedofficial,Karachi,yes (us./uk./au./nz. stores),https://www.junaidjamshed.com/contact-us,Online: eshop@junaidjamshed.com; feedback@junaidjamshed.com; usa.eshop@ / uk.eshop@junaidjamshed.com.
Amir Adnan,men,https://amiradnan.com,info@amiradnan.com,customer care,0335 3039451; 0335 3039489,@amiradnanofficial,Karachi,yes (en-us storefront),https://amiradnan.com/pages/faqs,"Also helpdesk@, corporate@ (https://amiradnan.com/en-us/pages/corporate-gifts), couture@amiradnan.com."
Charcoal,men,https://charcoal.com.pk,customercare@charcoal.com.pk,customer care,,@charcoal.pk,Lahore,,https://charcoal.com.pk/pages/shipping-policy,Sales: onlinesales@charcoal.com.pk. Emails seen via site search snippets; confirm exact page.
Diners,men,https://diners.com.pk,cs@diners.com.pk,customer care,0213-8346377; 0331-1346377,@dinerspakistan,Karachi,,https://diners.com.pk/pages/contact,"Al Baraka Apparel, S.I.T.E. Has corporate/bulk page: https://diners.com.pk/pages/corporate-order"
Uniworth,men,https://uniworthshop.com,askus@uniworthshop.com,customer care,042 111 789 456; WhatsApp +92 345 4037778,@uniworthpk,Lahore,,https://uniworthshop.com/pages/faqs,
The Cambridge Shop,men,https://thecambridgeshop.com,cs@thecambridgeshop.com,customer care,021-111-119-336,@cambridgepk,Karachi,,https://thecambridgeshop.com/pages/contact-us,
Outfitters,both,https://outfitters.com.pk,contactus@outfitters.com.pk,customer care,+92 42 111 11 6387,@outfitterspakistan,Lahore,,https://outfitters.com.pk/pages/contact-us-customer,Western wear; parent of ETHNC.
Breakout,both,https://www.breakout.com.pk,support@breakout.com.pk,customer care,+92 321 7040999,@breakoutpk,Lahore,,https://breakout.com.pk/pages/contact-us,Western wear.
Engine,both,https://engine.com.pk,online@engine.com.pk,online/customer care,042-111-364-463,@enginepakistan,Lahore,,https://engine.com.pk/pages/customer-services,Western wear.
Stylo,footwear,https://stylo.pk,care@stylo.pk,customer care,+92 42 111 178 956,@stylo.pk,Lahore,yes (int.stylo.pk),https://stylo.pk/pages/contact-us,"Shoes, bags, accessories."
Metro Shoes,footwear,https://www.metroshoes.com.pk,care@metroshoes.com.pk,customer care,051-5512055; +92 333 3338572,@metroshoes,Rawalpindi/Islamabad,,https://www.metroshoes.com.pk/pages/contact-us,"Shoes, bags, accessories."
Borjan,footwear,https://www.borjan.com.pk,customercare@borjan.com.pk,customer care,+92 42 111 267 526; WhatsApp 0345 1111126,@borjanshoes,Lahore,,https://www.borjan.com.pk/pages/contact,
Servis,footwear,https://servis.pk,customercare@servis.com,customer care,+92 111 737 847,@servisshoes,Lahore,,https://servis.pk/pages/contact-us,"Servis House, 2-Main Gulberg. Note email domain is servis.com."
Ndure,footwear,https://www.ndure.com,help@ndure.com,customer care,042-35880175,@ndureofficial,Lahore,,https://www.ndure.com/pages/faqs,Email seen via site search snippet; confirm on site.
Hush Puppies Pakistan,footwear,https://www.hushpuppies.com.pk,customercare@hushpuppies.com.pk,customer care,042 111 347 425,@hushpuppiespk,Lahore,,https://www.hushpuppies.com.pk/pages/contact-us,"Licensee: Firhaj Footwear (Pvt) Ltd, 21-KM Ferozepur Road."
Zellbury,both,https://zellbury.com,customer.care@zellbury.com,customer care,+92 21 3840 2072,@zellburyofficial,Karachi,,https://zellbury.com/pages/contact-us,
EGO,women,https://wearego.com,cs@wearego.com,customer care,(021) 37130277,@wearego,Karachi,yes (intl.wearego.com),https://wearego.com/pages/contact-us,
Sania Maskatiya,women,https://saniamaskatiya.com,customercare@saniamaskatiya.com,customer care,,@saniamaskatiya,Karachi,yes (international storefront),https://saniamaskatiya.com/pages/contact,Also lists saniamaskatiya@siardigital.com (agency-managed).
Mohagni,women,https://mohagni.com,customercare@mohagni.com,customer care,+92 326 8330874,@mohagni.official,Lahore,yes (en-us storefront),https://mohagni.com/en-us/pages/contact-us-1,Also mohagnicustomercare1@gmail.com.
Hussain Rehar,women,https://hussainrehar.com,customercare@hussainrehar.com,customer care,,@hussainrehar,Lahore,yes (global.hussainrehar.com),https://hussainrehar.com/pages/contact-us,
Qalamkar,women,https://www.qalamkar.com.pk,info@qalamkar.com.pk,general,+92 322 5050509; +92 302 0450505,@qalamkarofficial,Faisalabad,,https://www.qalamkar.com.pk/pages/contact-us,
Jazmin,women,https://jazmin.pk,customerservices@jazmin.pk,customer care,+92 343 4062503; WhatsApp +92 348 4848914,@jazminofficial,Lahore,yes,https://jazmin.pk/pages/contact-us,
Image (Image 1993),women,https://pk.image1993.com,customerservice@image1993.com,customer care,021-111-146-243; US +1 224 470 8050; UK +44 20 7019 9057,@image1993,Karachi,yes (us./uk. stores),https://pk.image1993.com/pages/customer-service,
Motifz,women,https://motifz.com.pk,info@motifz.com.pk,general,+92 42 111 668 439; WhatsApp +92 342 2222251,@motifz.pk,Lahore,,https://motifz.com.pk/pages/faqs,Head office 19 Km Ferozepur Road.
Chinyere,women,https://www.chinyere.pk,customercare@chinyere.pk,customer care,+92 311 1555259; +92 309 8882333,@chinyere.pk,Lahore,,https://www.chinyere.pk/pages/contact-us,
Leisure Club,both,https://www.leisureclub.pk,,contact form,(042) 323 099 990,@leisureclubpk,Lahore,,https://www.leisureclub.pk/,No published email found in search; check contact page/form.
Insignia,footwear,https://insignia.com.pk,support@insignia.com.pk,customer care,042-111-456-788,@insigniapk,Lahore,,https://insignia.com.pk/pages/contact-us,Shoes and bags; 47-B2 Gulberg.
Shoe Planet,footwear,https://www.shoeplanet.pk,info@shoeplanet.pk,general,042-35884223,@shoeplanetpk,Lahore,,https://www.shoeplanet.pk/pages/faqs,
